{
  "total_cost": 0.010246568419928919,
  "mse_q": 0.00022316499365157176,
  "mse_dq": 0.05011701713138673,
  "mse_tau": 131.62760655974014,
  "metric_error": 0.0
}