{
  "total_cost": 164.4201822756916,
  "mse_q": 1.0054772767120024,
  "mse_dq": 132.84728578531593,
  "mse_tau": 4166.204632579122,
  "metric_error": 273.6904956838328
}