{
  "total_cost": 0.013592619864574275,
  "mse_q": 0.0001857415269312046,
  "mse_dq": 0.06703439168821534,
  "mse_tau": 221.57994882120073,
  "metric_error": 0.0
}