{
  "total_cost": 0.008220109959315876,
  "mse_q": 0.00018999463047302318,
  "mse_dq": 0.040150576644214266,
  "mse_tau": 150.4861546415713,
  "metric_error": 0.0
}