{
  "total_cost": 2.703115576609524,
  "mse_q": 0.0791565394788858,
  "mse_dq": 5.465487425613332,
  "mse_tau": 3374.2552916629957,
  "metric_error": 3.061723104015943
}